card_id,name,unlock_time,lock_time
136412627233, LALALA,12/05/2020 19:55,12/05/2020 19:59
136412627233, LALALA,12/05/2020 20:24,12/05/2020 20:24
136412627233, LALALA,12/05/2020 21:51,12/05/2020 22:10
136412627233, LALALA,12/05/2020 22:13,12/05/2020 22:15
136412627233, LALALA,13/05/2020 15:23,13/05/2020 15:23
136412627233, LALALA,13/05/2020 16:14,13/05/2020 16:15
136412627233, LALALA,13/05/2020 16:32,13/05/2020 16:32
136412627233, LALALA,13/05/2020 16:34,13/05/2020 16:34
136412627233, LALALA,13/05/2020 16:35,13/05/2020 16:35
136412627233, LALALA,13/05/2020 17:16,27/05/2020 12:45
136412627233, LALALA,13/05/2020 16:32,13/05/2020 16:32
136412627233, LALALA,13/05/2020 17:16,27/05/2020 12:45
136412627233, LALALA,13/05/2020 16:32,13/05/2020 16:32
136412627233, LALALA,27/05/2020 12:44,27/05/2020 12:45
136412627233, LALALA,27/05/2020 15:33,27/05/2020 16:25
136412627233, LALALA,27/05/2020 15:45,27/05/2020 16:25
136412627233, LALALA,27/05/2020 16:29,27/05/2020 16:29
136412627233, LALALA,27/05/2020 16:30,27/05/2020 16:30
136412627233, LALALA,27/05/2020 16:31,27/05/2020 16:31
